seed,dt_min,initial_inventory,sampled_pinn_cost_eur,best_response_cost_eur,estimated_deviation_gain_eur,solver_iterations
0,0.5,500.0,321.1100015651521,321.10998481291375,1.6752238366279926e-05,6
0,0.5,750.0,590.2454809739852,590.2452748045022,0.00020616948302176752,18
0,0.5,1000.0,920.705294838606,920.705217223995,7.761461108657386e-05,5
0,0.25,500.0,321.12327277704117,321.12326896690814,3.8101330233075714e-06,7
0,0.25,750.0,590.2610892387115,590.2608946956038,0.00019454310768196592,31
0,0.25,1000.0,920.7197200407112,920.7196518829353,6.815777589963545e-05,7
1,0.5,500.0,321.10965273495947,321.1096358517501,1.6883209355000872e-05,6
1,0.5,750.0,590.2440698113361,590.2438469952021,0.00022281613394170563,22
1,0.5,1000.0,920.703071878307,920.7030176970525,5.4181254540708323e-05,5
1,0.25,500.0,321.1229252488909,321.12291952677504,5.722115872686118e-06,7
1,0.25,750.0,590.2596780940642,590.259467037255,0.00021105680912114622,28
1,0.25,1000.0,920.7174952374455,920.7174526490182,4.258842727722367e-05,7
42,0.5,500.0,321.1145344567474,321.1145151654071,1.9291340265681356e-05,8
42,0.5,750.0,590.2547138136221,590.2545268247353,0.00018698888675316994,18
42,0.5,1000.0,920.7193007845103,920.7192265375147,7.424699560942827e-05,5
42,0.25,500.0,321.12780656033124,321.127799760108,6.800223218306201e-06,7
42,0.25,750.0,590.2703275874861,590.2701473434822,0.00018024400390004303,27
42,0.25,1000.0,920.7337237863339,920.7336617681374,6.201819655871077e-05,4
